file,job,format,percentile_list,ioengine,direct,norandommap,randrepeat,group_reporting, stonewall,new_group, rw, rwmixread, numjobs,iodepth, bs,time_based, ramp_time, runtime,rate_iops,loops,output-format,random_percentage,log_avg_msec,log_hist_msec,write_iops_log,write_hist_log
ran_precon.fio,ran_precon,Yes,1:5:10:20:30:50:60:70:75:80:85:90:95:99:99.9:99.99:99.999:99.9999:99.99999,io_uring,1,1,,Yes,,,randwrite,,8,32,4k,Yes,,28800,,,,,,,,
qd_thread_matrix.fio,qd1_thread1_w,,1:5:10:20:30:50:60:70:75:80:85:90:95:99:99.9:99.99:99.999:99.9999:99.99999,io_uring,1,1,,Yes,Yes,Yes,randwrite,,1,1,4k,Yes,300,3600,,,terse;json+,,1000,,qd1_thread1_w_iops,
qd_thread_matrix.fio,qd8_thread1_w,,1:5:10:20:30:50:60:70:75:80:85:90:95:99:99.9:99.99:99.999:99.9999:99.99999,io_uring,1,1,,Yes,Yes,Yes,randwrite,,1,8,4k,Yes,30,600,,,terse;json+,,,,,
qd_thread_matrix.fio,qd16_thread1_w,,1:5:10:20:30:50:60:70:75:80:85:90:95:99:99.9:99.99:99.999:99.9999:99.99999,io_uring,1,1,,Yes,Yes,Yes,randwrite,,1,16,4k,Yes,30,600,,,terse;json+,,,,,
qd_thread_matrix.fio,qd32_thread1_w,,1:5:10:20:30:50:60:70:75:80:85:90:95:99:99.9:99.99:99.999:99.9999:99.99999,io_uring,1,1,,Yes,Yes,Yes,randwrite,,1,32,4k,Yes,30,600,,,terse;json+,,,,,
qd_thread_matrix.fio,qd64_thread1_w,,1:5:10:20:30:50:60:70:75:80:85:90:95:99:99.9:99.99:99.999:99.9999:99.99999,io_uring,1,1,,Yes,Yes,Yes,randwrite,,1,64,4k,Yes,30,600,,,terse;json+,,,,,
qd_thread_matrix.fio,qd128_thread1_w,,1:5:10:20:30:50:60:70:75:80:85:90:95:99:99.9:99.99:99.999:99.9999:99.99999,io_uring,1,1,,Yes,Yes,Yes,randwrite,,1,128,4k,Yes,30,600,,,terse;json+,,,,,
qd_thread_matrix.fio,qd256_thread1_w,,1:5:10:20:30:50:60:70:75:80:85:90:95:99:99.9:99.99:99.999:99.9999:99.99999,io_uring,1,1,,Yes,Yes,Yes,randwrite,,1,256,4k,Yes,30,600,,,terse;json+,,,,,
qd_thread_matrix.fio,qd1_thread4_w,,1:5:10:20:30:50:60:70:75:80:85:90:95:99:99.9:99.99:99.999:99.9999:99.99999,io_uring,1,1,,Yes,Yes,Yes,randwrite,,4,1,4k,Yes,30,600,,,terse;json+,,,,,
qd_thread_matrix.fio,qd8_thread4_w,,1:5:10:20:30:50:60:70:75:80:85:90:95:99:99.9:99.99:99.999:99.9999:99.99999,io_uring,1,1,,Yes,Yes,Yes,randwrite,,4,8,4k,Yes,30,600,,,terse;json+,,,,,
qd_thread_matrix.fio,qd16_thread4_w,,1:5:10:20:30:50:60:70:75:80:85:90:95:99:99.9:99.99:99.999:99.9999:99.99999,io_uring,1,1,,Yes,Yes,Yes,randwrite,,4,16,4k,Yes,30,600,,,terse;json+,,,,,
qd_thread_matrix.fio,qd32_thread4_w,,1:5:10:20:30:50:60:70:75:80:85:90:95:99:99.9:99.99:99.999:99.9999:99.99999,io_uring,1,1,,Yes,Yes,Yes,randwrite,,4,32,4k,Yes,30,600,,,terse;json+,,,,,
qd_thread_matrix.fio,qd64_thread4_w,,1:5:10:20:30:50:60:70:75:80:85:90:95:99:99.9:99.99:99.999:99.9999:99.99999,io_uring,1,1,,Yes,Yes,Yes,randwrite,,4,64,4k,Yes,30,600,,,terse;json+,,,,,
qd_thread_matrix.fio,qd128_thread4_w,,1:5:10:20:30:50:60:70:75:80:85:90:95:99:99.9:99.99:99.999:99.9999:99.99999,io_uring,1,1,,Yes,Yes,Yes,randwrite,,4,128,4k,Yes,30,600,,,terse;json+,,,,,
qd_thread_matrix.fio,qd256_thread4_w,,1:5:10:20:30:50:60:70:75:80:85:90:95:99:99.9:99.99:99.999:99.9999:99.99999,io_uring,1,1,,Yes,Yes,Yes,randwrite,,4,256,4k,Yes,30,600,,,terse;json+,,,,,
qd_thread_matrix.fio,qd1_thread8_w,,1:5:10:20:30:50:60:70:75:80:85:90:95:99:99.9:99.99:99.999:99.9999:99.99999,io_uring,1,1,,Yes,Yes,Yes,randwrite,,8,1,4k,Yes,30,600,,,terse;json+,,,,,
qd_thread_matrix.fio,qd8_thread8_w,,1:5:10:20:30:50:60:70:75:80:85:90:95:99:99.9:99.99:99.999:99.9999:99.99999,io_uring,1,1,,Yes,Yes,Yes,randwrite,,8,8,4k,Yes,30,600,,,terse;json+,,,,,
qd_thread_matrix.fio,qd16_thread8_w,,1:5:10:20:30:50:60:70:75:80:85:90:95:99:99.9:99.99:99.999:99.9999:99.99999,io_uring,1,1,,Yes,Yes,Yes,randwrite,,8,16,4k,Yes,30,600,,,terse;json+,,,,,
qd_thread_matrix.fio,qd32_thread8_w,,1:5:10:20:30:50:60:70:75:80:85:90:95:99:99.9:99.99:99.999:99.9999:99.99999,io_uring,1,1,,Yes,Yes,Yes,randwrite,,8,32,4k,Yes,300,3600,,,terse;json+,,1000,,qd32_thread8_w_iops,
qd_thread_matrix.fio,qd64_thread8_w,,1:5:10:20:30:50:60:70:75:80:85:90:95:99:99.9:99.99:99.999:99.9999:99.99999,io_uring,1,1,,Yes,Yes,Yes,randwrite,,8,64,4k,Yes,30,600,,,terse;json+,,,,,
qd_thread_matrix.fio,qd128_thread8_w,,1:5:10:20:30:50:60:70:75:80:85:90:95:99:99.9:99.99:99.999:99.9999:99.99999,io_uring,1,1,,Yes,Yes,Yes,randwrite,,8,128,4k,Yes,30,600,,,terse;json+,,,,,
qd_thread_matrix.fio,qd256_thread8_w,,1:5:10:20:30:50:60:70:75:80:85:90:95:99:99.9:99.99:99.999:99.9999:99.99999,io_uring,1,1,,Yes,Yes,Yes,randwrite,,8,256,4k,Yes,30,600,,,terse;json+,,,,,
qd_thread_matrix.fio,qd1_thread1_rw,,1:5:10:20:30:50:60:70:75:80:85:90:95:99:99.9:99.99:99.999:99.9999:99.99999,io_uring,1,1,,Yes,Yes,Yes,randrw,70,1,1,4k,Yes,30,600,,,terse;json+,,,,,
qd_thread_matrix.fio,qd8_thread1_rw,,1:5:10:20:30:50:60:70:75:80:85:90:95:99:99.9:99.99:99.999:99.9999:99.99999,io_uring,1,1,,Yes,Yes,Yes,randrw,70,1,8,4k,Yes,30,600,,,terse;json+,,,,,
qd_thread_matrix.fio,qd16_thread1_rw,,1:5:10:20:30:50:60:70:75:80:85:90:95:99:99.9:99.99:99.999:99.9999:99.99999,io_uring,1,1,,Yes,Yes,Yes,randrw,70,1,16,4k,Yes,30,600,,,terse;json+,,,,,
qd_thread_matrix.fio,qd32_thread1_rw,,1:5:10:20:30:50:60:70:75:80:85:90:95:99:99.9:99.99:99.999:99.9999:99.99999,io_uring,1,1,,Yes,Yes,Yes,randrw,70,1,32,4k,Yes,30,600,,,terse;json+,,,,,
qd_thread_matrix.fio,qd64_thread1_rw,,1:5:10:20:30:50:60:70:75:80:85:90:95:99:99.9:99.99:99.999:99.9999:99.99999,io_uring,1,1,,Yes,Yes,Yes,randrw,70,1,64,4k,Yes,30,600,,,terse;json+,,,,,
qd_thread_matrix.fio,qd128_thread1_rw,,1:5:10:20:30:50:60:70:75:80:85:90:95:99:99.9:99.99:99.999:99.9999:99.99999,io_uring,1,1,,Yes,Yes,Yes,randrw,70,1,128,4k,Yes,30,600,,,terse;json+,,,,,
qd_thread_matrix.fio,qd256_thread1_rw,,1:5:10:20:30:50:60:70:75:80:85:90:95:99:99.9:99.99:99.999:99.9999:99.99999,io_uring,1,1,,Yes,Yes,Yes,randrw,70,1,256,4k,Yes,30,600,,,terse;json+,,,,,
qd_thread_matrix.fio,qd1_thread4_rw,,1:5:10:20:30:50:60:70:75:80:85:90:95:99:99.9:99.99:99.999:99.9999:99.99999,io_uring,1,1,,Yes,Yes,Yes,randrw,70,4,1,4k,Yes,30,600,,,terse;json+,,,,,
qd_thread_matrix.fio,qd8_thread4_rw,,1:5:10:20:30:50:60:70:75:80:85:90:95:99:99.9:99.99:99.999:99.9999:99.99999,io_uring,1,1,,Yes,Yes,Yes,randrw,70,4,8,4k,Yes,30,600,,,terse;json+,,,,,
qd_thread_matrix.fio,qd16_thread4_rw,,1:5:10:20:30:50:60:70:75:80:85:90:95:99:99.9:99.99:99.999:99.9999:99.99999,io_uring,1,1,,Yes,Yes,Yes,randrw,70,4,16,4k,Yes,30,600,,,terse;json+,,,,,
qd_thread_matrix.fio,qd32_thread4_rw,,1:5:10:20:30:50:60:70:75:80:85:90:95:99:99.9:99.99:99.999:99.9999:99.99999,io_uring,1,1,,Yes,Yes,Yes,randrw,70,4,32,4k,Yes,30,600,,,terse;json+,,,,,
qd_thread_matrix.fio,qd64_thread4_rw,,1:5:10:20:30:50:60:70:75:80:85:90:95:99:99.9:99.99:99.999:99.9999:99.99999,io_uring,1,1,,Yes,Yes,Yes,randrw,70,4,64,4k,Yes,30,600,,,terse;json+,,,,,
qd_thread_matrix.fio,qd128_thread4_rw,,1:5:10:20:30:50:60:70:75:80:85:90:95:99:99.9:99.99:99.999:99.9999:99.99999,io_uring,1,1,,Yes,Yes,Yes,randrw,70,4,128,4k,Yes,30,600,,,terse;json+,,,,,
qd_thread_matrix.fio,qd256_thread4_rw,,1:5:10:20:30:50:60:70:75:80:85:90:95:99:99.9:99.99:99.999:99.9999:99.99999,io_uring,1,1,,Yes,Yes,Yes,randrw,70,4,256,4k,Yes,30,600,,,terse;json+,,,,,
qd_thread_matrix.fio,qd1_thread8_rw,,1:5:10:20:30:50:60:70:75:80:85:90:95:99:99.9:99.99:99.999:99.9999:99.99999,io_uring,1,1,,Yes,Yes,Yes,randrw,70,8,1,4k,Yes,30,600,,,terse;json+,,,,,
qd_thread_matrix.fio,qd8_thread8_rw,,1:5:10:20:30:50:60:70:75:80:85:90:95:99:99.9:99.99:99.999:99.9999:99.99999,io_uring,1,1,,Yes,Yes,Yes,randrw,70,8,8,4k,Yes,30,600,,,terse;json+,,,,,
qd_thread_matrix.fio,qd16_thread8_rw,,1:5:10:20:30:50:60:70:75:80:85:90:95:99:99.9:99.99:99.999:99.9999:99.99999,io_uring,1,1,,Yes,Yes,Yes,randrw,70,8,16,4k,Yes,30,600,,,terse;json+,,,,,
qd_thread_matrix.fio,qd32_thread8_rw,,1:5:10:20:30:50:60:70:75:80:85:90:95:99:99.9:99.99:99.999:99.9999:99.99999,io_uring,1,1,,Yes,Yes,Yes,randrw,70,8,32,4k,Yes,300,3600,,,terse;json+,,1000,,qd32_thread8_rw_iops,
qd_thread_matrix.fio,qd64_thread8_rw,,1:5:10:20:30:50:60:70:75:80:85:90:95:99:99.9:99.99:99.999:99.9999:99.99999,io_uring,1,1,,Yes,Yes,Yes,randrw,70,8,64,4k,Yes,30,600,,,terse;json+,,,,,
qd_thread_matrix.fio,qd128_thread8_rw,,1:5:10:20:30:50:60:70:75:80:85:90:95:99:99.9:99.99:99.999:99.9999:99.99999,io_uring,1,1,,Yes,Yes,Yes,randrw,70,8,128,4k,Yes,30,600,,,terse;json+,,,,,
qd_thread_matrix.fio,qd256_thread8_rw,,1:5:10:20:30:50:60:70:75:80:85:90:95:99:99.9:99.99:99.999:99.9999:99.99999,io_uring,1,1,,Yes,Yes,Yes,randrw,70,8,256,4k,Yes,30,600,,,terse;json+,,,,,
qd_thread_matrix.fio,qd1_thread1_r,,1:5:10:20:30:50:60:70:75:80:85:90:95:99:99.9:99.99:99.999:99.9999:99.99999,io_uring,1,1,,Yes,Yes,Yes,randread,,1,1,4k,Yes,300,3600,,,terse;json+,,1000,,qd1_thread1_r_iops,
qd_thread_matrix.fio,qd8_thread1_r,,1:5:10:20:30:50:60:70:75:80:85:90:95:99:99.9:99.99:99.999:99.9999:99.99999,io_uring,1,1,,Yes,Yes,Yes,randread,,1,8,4k,Yes,30,600,,,terse;json+,,,,,
qd_thread_matrix.fio,qd16_thread1_r,,1:5:10:20:30:50:60:70:75:80:85:90:95:99:99.9:99.99:99.999:99.9999:99.99999,io_uring,1,1,,Yes,Yes,Yes,randread,,1,16,4k,Yes,30,600,,,terse;json+,,,,,
qd_thread_matrix.fio,qd32_thread1_r,,1:5:10:20:30:50:60:70:75:80:85:90:95:99:99.9:99.99:99.999:99.9999:99.99999,io_uring,1,1,,Yes,Yes,Yes,randread,,1,32,4k,Yes,30,600,,,terse;json+,,,,,
qd_thread_matrix.fio,qd64_thread1_r,,1:5:10:20:30:50:60:70:75:80:85:90:95:99:99.9:99.99:99.999:99.9999:99.99999,io_uring,1,1,,Yes,Yes,Yes,randread,,1,64,4k,Yes,30,600,,,terse;json+,,,,,
qd_thread_matrix.fio,qd128_thread1_r,,1:5:10:20:30:50:60:70:75:80:85:90:95:99:99.9:99.99:99.999:99.9999:99.99999,io_uring,1,1,,Yes,Yes,Yes,randread,,1,128,4k,Yes,30,600,,,terse;json+,,,,,
qd_thread_matrix.fio,qd256_thread1_r,,1:5:10:20:30:50:60:70:75:80:85:90:95:99:99.9:99.99:99.999:99.9999:99.99999,io_uring,1,1,,Yes,Yes,Yes,randread,,1,256,4k,Yes,30,600,,,terse;json+,,,,,
qd_thread_matrix.fio,qd1_thread4_r,,1:5:10:20:30:50:60:70:75:80:85:90:95:99:99.9:99.99:99.999:99.9999:99.99999,io_uring,1,1,,Yes,Yes,Yes,randread,,4,1,4k,Yes,30,600,,,terse;json+,,,,,
qd_thread_matrix.fio,qd8_thread4_r,,1:5:10:20:30:50:60:70:75:80:85:90:95:99:99.9:99.99:99.999:99.9999:99.99999,io_uring,1,1,,Yes,Yes,Yes,randread,,4,8,4k,Yes,30,600,,,terse;json+,,,,,
qd_thread_matrix.fio,qd16_thread4_r,,1:5:10:20:30:50:60:70:75:80:85:90:95:99:99.9:99.99:99.999:99.9999:99.99999,io_uring,1,1,,Yes,Yes,Yes,randread,,4,16,4k,Yes,30,600,,,terse;json+,,,,,
qd_thread_matrix.fio,qd32_thread4_r,,1:5:10:20:30:50:60:70:75:80:85:90:95:99:99.9:99.99:99.999:99.9999:99.99999,io_uring,1,1,,Yes,Yes,Yes,randread,,4,32,4k,Yes,30,600,,,terse;json+,,,,,
qd_thread_matrix.fio,qd64_thread4_r,,1:5:10:20:30:50:60:70:75:80:85:90:95:99:99.9:99.99:99.999:99.9999:99.99999,io_uring,1,1,,Yes,Yes,Yes,randread,,4,64,4k,Yes,30,600,,,terse;json+,,,,,
qd_thread_matrix.fio,qd128_thread4_r,,1:5:10:20:30:50:60:70:75:80:85:90:95:99:99.9:99.99:99.999:99.9999:99.99999,io_uring,1,1,,Yes,Yes,Yes,randread,,4,128,4k,Yes,30,600,,,terse;json+,,,,,
qd_thread_matrix.fio,qd256_thread4_r,,1:5:10:20:30:50:60:70:75:80:85:90:95:99:99.9:99.99:99.999:99.9999:99.99999,io_uring,1,1,,Yes,Yes,Yes,randread,,4,256,4k,Yes,30,600,,,terse;json+,,,,,
qd_thread_matrix.fio,qd1_thread8_r,,1:5:10:20:30:50:60:70:75:80:85:90:95:99:99.9:99.99:99.999:99.9999:99.99999,io_uring,1,1,,Yes,Yes,Yes,randread,,8,1,4k,Yes,30,600,,,terse;json+,,,,,
qd_thread_matrix.fio,qd8_thread8_r,,1:5:10:20:30:50:60:70:75:80:85:90:95:99:99.9:99.99:99.999:99.9999:99.99999,io_uring,1,1,,Yes,Yes,Yes,randread,,8,8,4k,Yes,30,600,,,terse;json+,,,,,
qd_thread_matrix.fio,qd16_thread8_r,,1:5:10:20:30:50:60:70:75:80:85:90:95:99:99.9:99.99:99.999:99.9999:99.99999,io_uring,1,1,,Yes,Yes,Yes,randread,,8,16,4k,Yes,30,600,,,terse;json+,,,,,
qd_thread_matrix.fio,qd32_thread8_r,,1:5:10:20:30:50:60:70:75:80:85:90:95:99:99.9:99.99:99.999:99.9999:99.99999,io_uring,1,1,,Yes,Yes,Yes,randread,,8,32,4k,Yes,300,3600,,,terse;json+,,1000,,qd32_thread8_r_iops,
qd_thread_matrix.fio,qd64_thread8_r,,1:5:10:20:30:50:60:70:75:80:85:90:95:99:99.9:99.99:99.999:99.9999:99.99999,io_uring,1,1,,Yes,Yes,Yes,randread,,8,64,4k,Yes,30,600,,,terse;json+,,,,,
qd_thread_matrix.fio,qd128_thread8_r,,1:5:10:20:30:50:60:70:75:80:85:90:95:99:99.9:99.99:99.999:99.9999:99.99999,io_uring,1,1,,Yes,Yes,Yes,randread,,8,128,4k,Yes,30,600,,,terse;json+,,,,,
qd_thread_matrix.fio,qd256_thread8_r,,1:5:10:20:30:50:60:70:75:80:85:90:95:99:99.9:99.99:99.999:99.9999:99.99999,io_uring,1,1,,Yes,Yes,Yes,randread,,8,256,4k,Yes,30,600,,,terse;json+,,,,,
random_write_to_read.fio,rate_250k_iops,,1:5:10:20:30:50:60:70:75:80:85:90:95:99:99.9:99.99:99.999:99.9999:99.99999,io_uring,1,1,,Yes,Yes,Yes,randwrite,,8,32,4k,Yes,300,600,31250,,terse;json+,,,,,
random_write_to_read.fio,rate_250k_iops_read,,1:5:10:20:30:50:60:70:75:80:85:90:95:99:99.9:99.99:99.999:99.9999:99.99999,io_uring,,1,,Yes,,,randread,,8,32,4k,Yes,30,600,,,terse;json+,,,,,
random_write_to_read.fio,rate_225k_iops,,1:5:10:20:30:50:60:70:75:80:85:90:95:99:99.9:99.99:99.999:99.9999:99.99999,io_uring,1,1,,Yes,Yes,Yes,randwrite,,8,32,4k,Yes,30,600,28125,,terse;json+,,,,,
random_write_to_read.fio,rate_225k_iops_read,,1:5:10:20:30:50:60:70:75:80:85:90:95:99:99.9:99.99:99.999:99.9999:99.99999,io_uring,,1,,Yes,,,randread,,8,32,4k,Yes,30,600,,,terse;json+,,,,,
random_write_to_read.fio,rate_200k_iops,,1:5:10:20:30:50:60:70:75:80:85:90:95:99:99.9:99.99:99.999:99.9999:99.99999,io_uring,1,1,,Yes,Yes,Yes,randwrite,,8,32,4k,Yes,30,600,25000,,terse;json+,,,,,
random_write_to_read.fio,rate_200k_iops_read,,1:5:10:20:30:50:60:70:75:80:85:90:95:99:99.9:99.99:99.999:99.9999:99.99999,io_uring,,1,,Yes,,,randread,,8,32,4k,Yes,30,600,,,terse;json+,,,,,
random_write_to_read.fio,rate_175k_iops,,1:5:10:20:30:50:60:70:75:80:85:90:95:99:99.9:99.99:99.999:99.9999:99.99999,io_uring,1,1,,Yes,Yes,Yes,randwrite,,8,32,4k,Yes,30,600,21875,,terse;json+,,,,,
random_write_to_read.fio,rate_175k_iops_read,,1:5:10:20:30:50:60:70:75:80:85:90:95:99:99.9:99.99:99.999:99.9999:99.99999,io_uring,,1,,Yes,,,randread,,8,32,4k,Yes,30,600,,,terse;json+,,,,,
random_write_to_read.fio,rate_150k_iops,,1:5:10:20:30:50:60:70:75:80:85:90:95:99:99.9:99.99:99.999:99.9999:99.99999,io_uring,1,1,,Yes,Yes,Yes,randwrite,,8,32,4k,Yes,30,600,18750,,terse;json+,,,,,
random_write_to_read.fio,rate_150k_iops_read,,1:5:10:20:30:50:60:70:75:80:85:90:95:99:99.9:99.99:99.999:99.9999:99.99999,io_uring,,1,,Yes,,,randread,,8,32,4k,Yes,30,600,,,terse;json+,,,,,
random_write_to_read.fio,rate_125k_iops,,1:5:10:20:30:50:60:70:75:80:85:90:95:99:99.9:99.99:99.999:99.9999:99.99999,io_uring,1,1,,Yes,Yes,Yes,randwrite,,8,32,4k,Yes,30,600,15625,,terse;json+,,,,,
random_write_to_read.fio,rate_125k_iops_read,,1:5:10:20:30:50:60:70:75:80:85:90:95:99:99.9:99.99:99.999:99.9999:99.99999,io_uring,,1,,Yes,,,randread,,8,32,4k,Yes,30,600,,,terse;json+,,,,,
random_write_to_read.fio,rate_100k_iops,,1:5:10:20:30:50:60:70:75:80:85:90:95:99:99.9:99.99:99.999:99.9999:99.99999,io_uring,1,1,,Yes,Yes,Yes,randwrite,,8,32,4k,Yes,30,600,12500,,terse;json+,,,,,
random_write_to_read.fio,rate_100k_iops_read,,1:5:10:20:30:50:60:70:75:80:85:90:95:99:99.9:99.99:99.999:99.9999:99.99999,io_uring,,1,,Yes,,,randread,,8,32,4k,Yes,30,600,,,terse;json+,,,,,
random_write_to_read.fio,rate_75k_iops,,1:5:10:20:30:50:60:70:75:80:85:90:95:99:99.9:99.99:99.999:99.9999:99.99999,io_uring,1,1,,Yes,Yes,Yes,randwrite,,8,32,4k,Yes,30,600,9375,,terse;json+,,,,,
random_write_to_read.fio,rate_75k_iops_read,,1:5:10:20:30:50:60:70:75:80:85:90:95:99:99.9:99.99:99.999:99.9999:99.99999,io_uring,,1,,Yes,,,randread,,8,32,4k,Yes,30,600,,,terse;json+,,,,,
random_write_to_read.fio,rate_50k_iops,,1:5:10:20:30:50:60:70:75:80:85:90:95:99:99.9:99.99:99.999:99.9999:99.99999,io_uring,1,1,,Yes,Yes,Yes,randwrite,,8,32,4k,Yes,30,600,6250,,terse;json+,,,,,
random_write_to_read.fio,rate_50k_iops_read,,1:5:10:20:30:50:60:70:75:80:85:90:95:99:99.9:99.99:99.999:99.9999:99.99999,io_uring,,1,,Yes,,,randread,,8,32,4k,Yes,30,600,,,terse;json+,,,,,
random_write_to_read.fio,rate_40k_iops,,1:5:10:20:30:50:60:70:75:80:85:90:95:99:99.9:99.99:99.999:99.9999:99.99999,io_uring,1,1,,Yes,Yes,Yes,randwrite,,8,32,4k,Yes,30,600,5000,,terse;json+,,,,,
random_write_to_read.fio,rate_40k_iops_read,,1:5:10:20:30:50:60:70:75:80:85:90:95:99:99.9:99.99:99.999:99.9999:99.99999,io_uring,,1,,Yes,,,randread,,8,32,4k,Yes,30,600,,,terse;json+,,,,,
random_write_to_read.fio,rate_30k_iops,,1:5:10:20:30:50:60:70:75:80:85:90:95:99:99.9:99.99:99.999:99.9999:99.99999,io_uring,1,1,,Yes,Yes,Yes,randwrite,,8,32,4k,Yes,30,600,3750,,terse;json+,,,,,
random_write_to_read.fio,rate_30k_iops_read,,1:5:10:20:30:50:60:70:75:80:85:90:95:99:99.9:99.99:99.999:99.9999:99.99999,io_uring,,1,,Yes,,,randread,,8,32,4k,Yes,30,600,,,terse;json+,,,,,
random_write_to_read.fio,rate_20k_iops,,1:5:10:20:30:50:60:70:75:80:85:90:95:99:99.9:99.99:99.999:99.9999:99.99999,io_uring,1,1,,Yes,Yes,Yes,randwrite,,8,32,4k,Yes,30,600,2500,,terse;json+,,,,,
random_write_to_read.fio,rate_20k_iops_read,,1:5:10:20:30:50:60:70:75:80:85:90:95:99:99.9:99.99:99.999:99.9999:99.99999,io_uring,,1,,Yes,,,randread,,8,32,4k,Yes,30,600,,,terse;json+,,,,,
random_write_to_read.fio,rate_10k_iops,,1:5:10:20:30:50:60:70:75:80:85:90:95:99:99.9:99.99:99.999:99.9999:99.99999,io_uring,1,1,,Yes,Yes,Yes,randwrite,,8,32,4k,Yes,30,600,1250,,terse;json+,,,,,
random_write_to_read.fio,rate_10k_iops_read,,1:5:10:20:30:50:60:70:75:80:85:90:95:99:99.9:99.99:99.999:99.9999:99.99999,io_uring,,1,,Yes,,,randread,,8,32,4k,Yes,30,600,,,terse;json+,,,,,
random_write_to_read.fio,rate_1k_iops,,1:5:10:20:30:50:60:70:75:80:85:90:95:99:99.9:99.99:99.999:99.9999:99.99999,io_uring,1,1,,Yes,Yes,Yes,randwrite,,8,32,4k,Yes,30,600,125,,terse;json+,,,,,
random_write_to_read.fio,rate_1k_iops_read,,1:5:10:20:30:50:60:70:75:80:85:90:95:99:99.9:99.99:99.999:99.9999:99.99999,io_uring,1,1,,Yes,Yes,Yes,randread,,8,32,4k,Yes,30,600,,,terse;json+,,,,,
random_write_to_read_ramp_read.fio,write_25k_read_100k,,1:5:10:20:30:50:60:70:75:80:85:90:95:99:99.9:99.99:99.999:99.9999:99.99999,io_uring,1,1,,Yes,Yes,Yes,randwrite,,8,32,4k,Yes,30,600,3125,,,,,,,
random_write_to_read_ramp_read.fio,write_25k_read_100k_read,,1:5:10:20:30:50:60:70:75:80:85:90:95:99:99.9:99.99:99.999:99.9999:99.99999,io_uring,1,1,,Yes,,,randread,,8,32,4k,Yes,30,600,12500,,,,,,,
random_write_to_read_ramp_read.fio,write_25k_read_200k,,1:5:10:20:30:50:60:70:75:80:85:90:95:99:99.9:99.99:99.999:99.9999:99.99999,io_uring,1,1,,Yes,Yes,Yes,randwrite,,8,32,4k,Yes,30,600,3125,,,,,,,
random_write_to_read_ramp_read.fio,write_25k_read_200k_read,,1:5:10:20:30:50:60:70:75:80:85:90:95:99:99.9:99.99:99.999:99.9999:99.99999,io_uring,1,1,,Yes,,,randread,,8,32,4k,Yes,30,600,25000,,,,,,,
random_write_to_read_ramp_read.fio,write_25k_read_300k,,1:5:10:20:30:50:60:70:75:80:85:90:95:99:99.9:99.99:99.999:99.9999:99.99999,io_uring,1,1,,Yes,Yes,Yes,randwrite,,8,32,4k,Yes,30,600,3125,,,,,,,
random_write_to_read_ramp_read.fio,write_25k_read_300k_read,,1:5:10:20:30:50:60:70:75:80:85:90:95:99:99.9:99.99:99.999:99.9999:99.99999,io_uring,1,1,,Yes,,,randread,,8,32,4k,Yes,30,600,37500,,,,,,,
random_write_to_read_ramp_read.fio,write_25k_read_400k,,1:5:10:20:30:50:60:70:75:80:85:90:95:99:99.9:99.99:99.999:99.9999:99.99999,io_uring,1,1,,Yes,Yes,Yes,randwrite,,8,32,4k,Yes,30,600,3125,,,,,,,
random_write_to_read_ramp_read.fio,write_25k_read_400k_read,,1:5:10:20:30:50:60:70:75:80:85:90:95:99:99.9:99.99:99.999:99.9999:99.99999,io_uring,1,1,,Yes,,,randread,,8,32,4k,Yes,30,600,50000,,,,,,,
random_write_to_read_ramp_read.fio,write_25k_read_500k,,1:5:10:20:30:50:60:70:75:80:85:90:95:99:99.9:99.99:99.999:99.9999:99.99999,io_uring,1,1,,Yes,Yes,Yes,randwrite,,8,32,4k,Yes,30,600,3125,,,,,,,
random_write_to_read_ramp_read.fio,write_25k_read_500k_read,,1:5:10:20:30:50:60:70:75:80:85:90:95:99:99.9:99.99:99.999:99.9999:99.99999,io_uring,1,1,,Yes,,,randread,,8,32,4k,Yes,30,600,62500,,,,,,,
random_write_to_read_ramp_read.fio,write_25k_read_600k,,1:5:10:20:30:50:60:70:75:80:85:90:95:99:99.9:99.99:99.999:99.9999:99.99999,io_uring,1,1,,Yes,Yes,Yes,randwrite,,8,32,4k,Yes,30,600,3125,,,,,,,
random_write_to_read_ramp_read.fio,write_25k_read_600k_read,,1:5:10:20:30:50:60:70:75:80:85:90:95:99:99.9:99.99:99.999:99.9999:99.99999,io_uring,1,1,,Yes,,,randread,,8,32,4k,Yes,30,600,75000,,,,,,,
random_write_to_read_ramp_read.fio,write_25k_read_700k,,1:5:10:20:30:50:60:70:75:80:85:90:95:99:99.9:99.99:99.999:99.9999:99.99999,io_uring,1,1,,Yes,Yes,Yes,randwrite,,8,32,4k,Yes,30,600,3125,,,,,,,
random_write_to_read_ramp_read.fio,write_25k_read_700k_read,,1:5:10:20:30:50:60:70:75:80:85:90:95:99:99.9:99.99:99.999:99.9999:99.99999,io_uring,1,1,,Yes,,,randread,,8,32,4k,Yes,30,600,87500,,,,,,,
random_write_to_read_ramp_read.fio,write_25k_read_800k,,1:5:10:20:30:50:60:70:75:80:85:90:95:99:99.9:99.99:99.999:99.9999:99.99999,io_uring,1,1,,Yes,Yes,Yes,randwrite,,8,32,4k,Yes,30,600,3125,,,,,,,
random_write_to_read_ramp_read.fio,write_25k_read_800k_read,,1:5:10:20:30:50:60:70:75:80:85:90:95:99:99.9:99.99:99.999:99.9999:99.99999,io_uring,1,1,,Yes,,,randread,,8,32,4k,Yes,30,600,100000,,,,,,,
random_write_to_read_ramp_read.fio,write_25k_read_900k,,1:5:10:20:30:50:60:70:75:80:85:90:95:99:99.9:99.99:99.999:99.9999:99.99999,io_uring,1,1,,Yes,Yes,Yes,randwrite,,8,32,4k,Yes,30,600,3125,,,,,,,
random_write_to_read_ramp_read.fio,write_25k_read_900k_read,,1:5:10:20:30:50:60:70:75:80:85:90:95:99:99.9:99.99:99.999:99.9999:99.99999,io_uring,1,1,,Yes,,,randread,,8,32,4k,Yes,30,600,112500,,,,,,,
random_write_to_read_ramp_read.fio,write_25k_read_1000k,,1:5:10:20:30:50:60:70:75:80:85:90:95:99:99.9:99.99:99.999:99.9999:99.99999,io_uring,1,1,,Yes,Yes,Yes,randwrite,,8,32,4k,Yes,30,600,3125,,,,,,,
random_write_to_read_ramp_read.fio,write_25k_read_1000k_read,,1:5:10:20:30:50:60:70:75:80:85:90:95:99:99.9:99.99:99.999:99.9999:99.99999,io_uring,1,1,,Yes,,,randread,,8,32,4k,Yes,30,600,125000,,,,,,,
random_write_to_read_ramp_read.fio,write_25k_read_1100k,,1:5:10:20:30:50:60:70:75:80:85:90:95:99:99.9:99.99:99.999:99.9999:99.99999,io_uring,1,1,,Yes,Yes,Yes,randwrite,,8,32,4k,Yes,30,600,3125,,,,,,,
random_write_to_read_ramp_read.fio,write_25k_read_1100k_read,,1:5:10:20:30:50:60:70:75:80:85:90:95:99:99.9:99.99:99.999:99.9999:99.99999,io_uring,1,1,,Yes,,,randread,,8,32,4k,Yes,30,600,137500,,,,,,,
random_write_to_read_ramp_read.fio,write_25k_read_1200k,,1:5:10:20:30:50:60:70:75:80:85:90:95:99:99.9:99.99:99.999:99.9999:99.99999,io_uring,1,1,,Yes,Yes,Yes,randwrite,,8,32,4k,Yes,30,600,3125,,,,,,,
random_write_to_read_ramp_read.fio,write_25k_read_1200k_read,,1:5:10:20:30:50:60:70:75:80:85:90:95:99:99.9:99.99:99.999:99.9999:99.99999,io_uring,1,1,,Yes,,,randread,,8,32,4k,Yes,30,600,150000,,,,,,,
random_write_to_read_ramp_read.fio,write_25k_read_1300k,,1:5:10:20:30:50:60:70:75:80:85:90:95:99:99.9:99.99:99.999:99.9999:99.99999,io_uring,1,1,,Yes,Yes,Yes,randwrite,,8,32,4k,Yes,30,600,3125,,,,,,,
random_write_to_read_ramp_read.fio,write_25k_read_1300k_read,,1:5:10:20:30:50:60:70:75:80:85:90:95:99:99.9:99.99:99.999:99.9999:99.99999,io_uring,1,1,,Yes,,,randread,,8,32,4k,Yes,30,600,162500,,,,,,,
random_write_to_read_ramp_read.fio,write_25k_read_1400k,,1:5:10:20:30:50:60:70:75:80:85:90:95:99:99.9:99.99:99.999:99.9999:99.99999,io_uring,1,1,,Yes,Yes,Yes,randwrite,,8,32,4k,Yes,30,600,3125,,,,,,,
random_write_to_read_ramp_read.fio,write_25k_read_1400k_read,,1:5:10:20:30:50:60:70:75:80:85:90:95:99:99.9:99.99:99.999:99.9999:99.99999,io_uring,1,1,,Yes,,,randread,,8,32,4k,Yes,30,600,175000,,,,,,,
random_write_to_read_ramp_read.fio,write_25k_read_1500k,,1:5:10:20:30:50:60:70:75:80:85:90:95:99:99.9:99.99:99.999:99.9999:99.99999,io_uring,1,1,,Yes,Yes,Yes,randwrite,,8,32,4k,Yes,30,600,3125,,,,,,,
random_write_to_read_ramp_read.fio,write_25k_read_1500k_read,,1:5:10:20:30:50:60:70:75:80:85:90:95:99:99.9:99.99:99.999:99.9999:99.99999,io_uring,1,1,,Yes,,,randread,,8,32,4k,Yes,30,600,187500,,,,,,,
random_write_to_read_ramp_read.fio,write_25k_read_1600k,,1:5:10:20:30:50:60:70:75:80:85:90:95:99:99.9:99.99:99.999:99.9999:99.99999,io_uring,1,1,,Yes,Yes,Yes,randwrite,,8,32,4k,Yes,30,600,3125,,,,,,,
random_write_to_read_ramp_read.fio,write_25k_read_1600k_read,,1:5:10:20:30:50:60:70:75:80:85:90:95:99:99.9:99.99:99.999:99.9999:99.99999,io_uring,1,1,,Yes,,,randread,,8,32,4k,Yes,30,600,200000,,,,,,,
random_write_to_read_ramp_read.fio,write_25k_read_1700k,,1:5:10:20:30:50:60:70:75:80:85:90:95:99:99.9:99.99:99.999:99.9999:99.99999,io_uring,1,1,,Yes,Yes,Yes,randwrite,,8,32,4k,Yes,30,600,3125,,,,,,,
random_write_to_read_ramp_read.fio,write_25k_read_1700k_read,,1:5:10:20:30:50:60:70:75:80:85:90:95:99:99.9:99.99:99.999:99.9999:99.99999,io_uring,1,1,,Yes,,,randread,,8,32,4k,Yes,30,600,212500,,,,,,,
random_write_to_read_ramp_read.fio,write_25k_read_1800k,,1:5:10:20:30:50:60:70:75:80:85:90:95:99:99.9:99.99:99.999:99.9999:99.99999,io_uring,1,1,,Yes,Yes,Yes,randwrite,,8,32,4k,Yes,30,600,3125,,,,,,,
random_write_to_read_ramp_read.fio,write_25k_read_1800k_read,,1:5:10:20:30:50:60:70:75:80:85:90:95:99:99.9:99.99:99.999:99.9999:99.99999,io_uring,1,1,,Yes,,,randread,,8,32,4k,Yes,30,600,225000,,,,,,,
random_write_to_read_ramp_read.fio,write_25k_read_1900k,,1:5:10:20:30:50:60:70:75:80:85:90:95:99:99.9:99.99:99.999:99.9999:99.99999,io_uring,1,1,,Yes,Yes,Yes,randwrite,,8,32,4k,Yes,30,600,3125,,,,,,,
random_write_to_read_ramp_read.fio,write_25k_read_1900k_read,,1:5:10:20:30:50:60:70:75:80:85:90:95:99:99.9:99.99:99.999:99.9999:99.99999,io_uring,1,1,,Yes,,,randread,,8,32,4k,Yes,30,600,237500,,,,,,,
random_write_to_read_ramp_read.fio,write_25k_read_2000k,,1:5:10:20:30:50:60:70:75:80:85:90:95:99:99.9:99.99:99.999:99.9999:99.99999,io_uring,1,1,,Yes,Yes,Yes,randwrite,,8,32,4k,Yes,30,600,3125,,,,,,,
random_write_to_read_ramp_read.fio,write_25k_read_2000k_read,,1:5:10:20:30:50:60:70:75:80:85:90:95:99:99.9:99.99:99.999:99.9999:99.99999,io_uring,1,1,,Yes,,,randread,,8,32,4k,Yes,30,600,250000,,,,,,,
read_ramp.fio,read_100k,,1:5:10:20:30:50:60:70:75:80:85:90:95:99:99.9:99.99:99.999:99.9999:99.99999,io_uring,1,1,,Yes,Yes,Yes,randread,,8,32,4k,Yes,30,600,12500,,,,,,,
read_ramp.fio,read_200k,,1:5:10:20:30:50:60:70:75:80:85:90:95:99:99.9:99.99:99.999:99.9999:99.99999,io_uring,1,1,,Yes,Yes,Yes,randread,,8,32,4k,Yes,30,600,25000,,,,,,,
read_ramp.fio,read_300k,,1:5:10:20:30:50:60:70:75:80:85:90:95:99:99.9:99.99:99.999:99.9999:99.99999,io_uring,1,1,,Yes,Yes,Yes,randread,,8,32,4k,Yes,30,600,37500,,,,,,,
read_ramp.fio,read_400k,,1:5:10:20:30:50:60:70:75:80:85:90:95:99:99.9:99.99:99.999:99.9999:99.99999,io_uring,1,1,,Yes,Yes,Yes,randread,,8,32,4k,Yes,30,600,50000,,,,,,,
read_ramp.fio,read_500k,,1:5:10:20:30:50:60:70:75:80:85:90:95:99:99.9:99.99:99.999:99.9999:99.99999,io_uring,1,1,,Yes,Yes,Yes,randread,,8,32,4k,Yes,30,600,62500,,,,,,,
read_ramp.fio,read_600k,,1:5:10:20:30:50:60:70:75:80:85:90:95:99:99.9:99.99:99.999:99.9999:99.99999,io_uring,1,1,,Yes,Yes,Yes,randread,,8,32,4k,Yes,30,600,75000,,,,,,,
read_ramp.fio,read_700k,,1:5:10:20:30:50:60:70:75:80:85:90:95:99:99.9:99.99:99.999:99.9999:99.99999,io_uring,1,1,,Yes,Yes,Yes,randread,,8,32,4k,Yes,30,600,87500,,,,,,,
read_ramp.fio,read_800k,,1:5:10:20:30:50:60:70:75:80:85:90:95:99:99.9:99.99:99.999:99.9999:99.99999,io_uring,1,1,,Yes,Yes,Yes,randread,,8,32,4k,Yes,30,600,100000,,,,,,,
read_ramp.fio,read_900k,,1:5:10:20:30:50:60:70:75:80:85:90:95:99:99.9:99.99:99.999:99.9999:99.99999,io_uring,1,1,,Yes,Yes,Yes,randread,,8,32,4k,Yes,30,600,112500,,,,,,,
read_ramp.fio,read_1000k,,1:5:10:20:30:50:60:70:75:80:85:90:95:99:99.9:99.99:99.999:99.9999:99.99999,io_uring,1,1,,Yes,Yes,Yes,randread,,8,32,4k,Yes,30,600,125000,,,,,,,
read_ramp.fio,read_1100k,,1:5:10:20:30:50:60:70:75:80:85:90:95:99:99.9:99.99:99.999:99.9999:99.99999,io_uring,1,1,,Yes,Yes,Yes,randread,,8,32,4k,Yes,30,600,137500,,,,,,,
read_ramp.fio,read_1200k,,1:5:10:20:30:50:60:70:75:80:85:90:95:99:99.9:99.99:99.999:99.9999:99.99999,io_uring,1,1,,Yes,Yes,Yes,randread,,8,32,4k,Yes,30,600,150000,,,,,,,
read_ramp.fio,read_1300k,,1:5:10:20:30:50:60:70:75:80:85:90:95:99:99.9:99.99:99.999:99.9999:99.99999,io_uring,1,1,,Yes,Yes,Yes,randread,,8,32,4k,Yes,30,600,162500,,,,,,,
read_ramp.fio,read_1400k,,1:5:10:20:30:50:60:70:75:80:85:90:95:99:99.9:99.99:99.999:99.9999:99.99999,io_uring,1,1,,Yes,Yes,Yes,randread,,8,32,4k,Yes,30,600,175000,,,,,,,
read_ramp.fio,read_1500k,,1:5:10:20:30:50:60:70:75:80:85:90:95:99:99.9:99.99:99.999:99.9999:99.99999,io_uring,1,1,,Yes,Yes,Yes,randread,,8,32,4k,Yes,30,600,187500,,,,,,,
read_ramp.fio,read_1600k,,1:5:10:20:30:50:60:70:75:80:85:90:95:99:99.9:99.99:99.999:99.9999:99.99999,io_uring,1,1,,Yes,Yes,Yes,randread,,8,32,4k,Yes,30,600,200000,,,,,,,
read_ramp.fio,read_1700k,,1:5:10:20:30:50:60:70:75:80:85:90:95:99:99.9:99.99:99.999:99.9999:99.99999,io_uring,1,1,,Yes,Yes,Yes,randread,,8,32,4k,Yes,30,600,212500,,,,,,,
read_ramp.fio,read_1800k,,1:5:10:20:30:50:60:70:75:80:85:90:95:99:99.9:99.99:99.999:99.9999:99.99999,io_uring,1,1,,Yes,Yes,Yes,randread,,8,32,4k,Yes,30,600,225000,,,,,,,
read_ramp.fio,read_1900k,,1:5:10:20:30:50:60:70:75:80:85:90:95:99:99.9:99.99:99.999:99.9999:99.99999,io_uring,1,1,,Yes,Yes,Yes,randread,,8,32,4k,Yes,30,600,237500,,,,,,,
read_ramp.fio,read_2000k,,1:5:10:20:30:50:60:70:75:80:85:90:95:99:99.9:99.99:99.999:99.9999:99.99999,io_uring,1,1,,Yes,Yes,Yes,randread,,8,32,4k,Yes,30,600,250000,,,,,,,
ran_precon_8k.fio,ran_precon_8k,Yes,1:5:10:20:30:50:60:70:75:80:85:90:95:99:99.9:99.99:99.999:99.9999:99.99999,io_uring,1,1,,Yes,,,randwrite,,8,32,8k,Yes,,28800,,,,,,,,
qd_thread_matrix_8k.fio,qd1_thread1_w_8k,,1:5:10:20:30:50:60:70:75:80:85:90:95:99:99.9:99.99:99.999:99.9999:99.99999,io_uring,1,1,,Yes,Yes,Yes,randwrite,,1,1,8k,Yes,300,3600,,,terse;json+,,1000,,qd1_thread1_w_iops,
qd_thread_matrix_8k.fio,qd8_thread1_w_8k,,1:5:10:20:30:50:60:70:75:80:85:90:95:99:99.9:99.99:99.999:99.9999:99.99999,io_uring,1,1,,Yes,Yes,Yes,randwrite,,1,8,8k,Yes,30,600,,,terse;json+,,,,,
qd_thread_matrix_8k.fio,qd16_thread1_w_8k,,1:5:10:20:30:50:60:70:75:80:85:90:95:99:99.9:99.99:99.999:99.9999:99.99999,io_uring,1,1,,Yes,Yes,Yes,randwrite,,1,16,8k,Yes,30,600,,,terse;json+,,,,,
qd_thread_matrix_8k.fio,qd32_thread1_w_8k,,1:5:10:20:30:50:60:70:75:80:85:90:95:99:99.9:99.99:99.999:99.9999:99.99999,io_uring,1,1,,Yes,Yes,Yes,randwrite,,1,32,8k,Yes,30,600,,,terse;json+,,,,,
qd_thread_matrix_8k.fio,qd64_thread1_w_8k,,1:5:10:20:30:50:60:70:75:80:85:90:95:99:99.9:99.99:99.999:99.9999:99.99999,io_uring,1,1,,Yes,Yes,Yes,randwrite,,1,64,8k,Yes,30,600,,,terse;json+,,,,,
qd_thread_matrix_8k.fio,qd128_thread1_w_8k,,1:5:10:20:30:50:60:70:75:80:85:90:95:99:99.9:99.99:99.999:99.9999:99.99999,io_uring,1,1,,Yes,Yes,Yes,randwrite,,1,128,8k,Yes,30,600,,,terse;json+,,,,,
qd_thread_matrix_8k.fio,qd256_thread1_w_8k,,1:5:10:20:30:50:60:70:75:80:85:90:95:99:99.9:99.99:99.999:99.9999:99.99999,io_uring,1,1,,Yes,Yes,Yes,randwrite,,1,256,8k,Yes,30,600,,,terse;json+,,,,,
qd_thread_matrix_8k.fio,qd1_thread4_w_8k,,1:5:10:20:30:50:60:70:75:80:85:90:95:99:99.9:99.99:99.999:99.9999:99.99999,io_uring,1,1,,Yes,Yes,Yes,randwrite,,4,1,8k,Yes,30,600,,,terse;json+,,,,,
qd_thread_matrix_8k.fio,qd8_thread4_w_8k,,1:5:10:20:30:50:60:70:75:80:85:90:95:99:99.9:99.99:99.999:99.9999:99.99999,io_uring,1,1,,Yes,Yes,Yes,randwrite,,4,8,8k,Yes,30,600,,,terse;json+,,,,,
qd_thread_matrix_8k.fio,qd16_thread4_w_8k,,1:5:10:20:30:50:60:70:75:80:85:90:95:99:99.9:99.99:99.999:99.9999:99.99999,io_uring,1,1,,Yes,Yes,Yes,randwrite,,4,16,8k,Yes,30,600,,,terse;json+,,,,,
qd_thread_matrix_8k.fio,qd32_thread4_w_8k,,1:5:10:20:30:50:60:70:75:80:85:90:95:99:99.9:99.99:99.999:99.9999:99.99999,io_uring,1,1,,Yes,Yes,Yes,randwrite,,4,32,8k,Yes,30,600,,,terse;json+,,,,,
qd_thread_matrix_8k.fio,qd64_thread4_w_8k,,1:5:10:20:30:50:60:70:75:80:85:90:95:99:99.9:99.99:99.999:99.9999:99.99999,io_uring,1,1,,Yes,Yes,Yes,randwrite,,4,64,8k,Yes,30,600,,,terse;json+,,,,,
qd_thread_matrix_8k.fio,qd128_thread4_w_8k,,1:5:10:20:30:50:60:70:75:80:85:90:95:99:99.9:99.99:99.999:99.9999:99.99999,io_uring,1,1,,Yes,Yes,Yes,randwrite,,4,128,8k,Yes,30,600,,,terse;json+,,,,,
qd_thread_matrix_8k.fio,qd256_thread4_w_8k,,1:5:10:20:30:50:60:70:75:80:85:90:95:99:99.9:99.99:99.999:99.9999:99.99999,io_uring,1,1,,Yes,Yes,Yes,randwrite,,4,256,8k,Yes,30,600,,,terse;json+,,,,,
qd_thread_matrix_8k.fio,qd1_thread8_w_8k,,1:5:10:20:30:50:60:70:75:80:85:90:95:99:99.9:99.99:99.999:99.9999:99.99999,io_uring,1,1,,Yes,Yes,Yes,randwrite,,8,1,8k,Yes,30,600,,,terse;json+,,,,,
qd_thread_matrix_8k.fio,qd8_thread8_w_8k,,1:5:10:20:30:50:60:70:75:80:85:90:95:99:99.9:99.99:99.999:99.9999:99.99999,io_uring,1,1,,Yes,Yes,Yes,randwrite,,8,8,8k,Yes,30,600,,,terse;json+,,,,,
qd_thread_matrix_8k.fio,qd16_thread8_w_8k,,1:5:10:20:30:50:60:70:75:80:85:90:95:99:99.9:99.99:99.999:99.9999:99.99999,io_uring,1,1,,Yes,Yes,Yes,randwrite,,8,16,8k,Yes,30,600,,,terse;json+,,,,,
qd_thread_matrix_8k.fio,qd32_thread8_w_8k,,1:5:10:20:30:50:60:70:75:80:85:90:95:99:99.9:99.99:99.999:99.9999:99.99999,io_uring,1,1,,Yes,Yes,Yes,randwrite,,8,32,8k,Yes,300,3600,,,terse;json+,,1000,,qd32_thread8_w_8k_iops,
qd_thread_matrix_8k.fio,qd64_thread8_w_8k,,1:5:10:20:30:50:60:70:75:80:85:90:95:99:99.9:99.99:99.999:99.9999:99.99999,io_uring,1,1,,Yes,Yes,Yes,randwrite,,8,64,8k,Yes,30,600,,,terse;json+,,,,,
qd_thread_matrix_8k.fio,qd128_thread8_w_8k,,1:5:10:20:30:50:60:70:75:80:85:90:95:99:99.9:99.99:99.999:99.9999:99.99999,io_uring,1,1,,Yes,Yes,Yes,randwrite,,8,128,8k,Yes,30,600,,,terse;json+,,,,,
qd_thread_matrix_8k.fio,qd256_thread8_w_8k,,1:5:10:20:30:50:60:70:75:80:85:90:95:99:99.9:99.99:99.999:99.9999:99.99999,io_uring,1,1,,Yes,Yes,Yes,randwrite,,8,256,8k,Yes,30,600,,,terse;json+,,,,,
qd_thread_matrix_8k.fio,qd1_thread1_rw_8k,,1:5:10:20:30:50:60:70:75:80:85:90:95:99:99.9:99.99:99.999:99.9999:99.99999,io_uring,1,1,,Yes,Yes,Yes,randrw,70,1,1,8k,Yes,30,600,,,terse;json+,,,,,
qd_thread_matrix_8k.fio,qd8_thread1_rw_8k,,1:5:10:20:30:50:60:70:75:80:85:90:95:99:99.9:99.99:99.999:99.9999:99.99999,io_uring,1,1,,Yes,Yes,Yes,randrw,70,1,8,8k,Yes,30,600,,,terse;json+,,,,,
qd_thread_matrix_8k.fio,qd16_thread1_rw_8k,,1:5:10:20:30:50:60:70:75:80:85:90:95:99:99.9:99.99:99.999:99.9999:99.99999,io_uring,1,1,,Yes,Yes,Yes,randrw,70,1,16,8k,Yes,30,600,,,terse;json+,,,,,
qd_thread_matrix_8k.fio,qd32_thread1_rw_8k,,1:5:10:20:30:50:60:70:75:80:85:90:95:99:99.9:99.99:99.999:99.9999:99.99999,io_uring,1,1,,Yes,Yes,Yes,randrw,70,1,32,8k,Yes,30,600,,,terse;json+,,,,,
qd_thread_matrix_8k.fio,qd64_thread1_rw_8k,,1:5:10:20:30:50:60:70:75:80:85:90:95:99:99.9:99.99:99.999:99.9999:99.99999,io_uring,1,1,,Yes,Yes,Yes,randrw,70,1,64,8k,Yes,30,600,,,terse;json+,,,,,
qd_thread_matrix_8k.fio,qd128_thread1_rw_8k,,1:5:10:20:30:50:60:70:75:80:85:90:95:99:99.9:99.99:99.999:99.9999:99.99999,io_uring,1,1,,Yes,Yes,Yes,randrw,70,1,128,8k,Yes,30,600,,,terse;json+,,,,,
qd_thread_matrix_8k.fio,qd256_thread1_rw_8k,,1:5:10:20:30:50:60:70:75:80:85:90:95:99:99.9:99.99:99.999:99.9999:99.99999,io_uring,1,1,,Yes,Yes,Yes,randrw,70,1,256,8k,Yes,30,600,,,terse;json+,,,,,
qd_thread_matrix_8k.fio,qd1_thread4_rw_8k,,1:5:10:20:30:50:60:70:75:80:85:90:95:99:99.9:99.99:99.999:99.9999:99.99999,io_uring,1,1,,Yes,Yes,Yes,randrw,70,4,1,8k,Yes,30,600,,,terse;json+,,,,,
qd_thread_matrix_8k.fio,qd8_thread4_rw_8k,,1:5:10:20:30:50:60:70:75:80:85:90:95:99:99.9:99.99:99.999:99.9999:99.99999,io_uring,1,1,,Yes,Yes,Yes,randrw,70,4,8,8k,Yes,30,600,,,terse;json+,,,,,
qd_thread_matrix_8k.fio,qd16_thread4_rw_8k,,1:5:10:20:30:50:60:70:75:80:85:90:95:99:99.9:99.99:99.999:99.9999:99.99999,io_uring,1,1,,Yes,Yes,Yes,randrw,70,4,16,8k,Yes,30,600,,,terse;json+,,,,,
qd_thread_matrix_8k.fio,qd32_thread4_rw_8k,,1:5:10:20:30:50:60:70:75:80:85:90:95:99:99.9:99.99:99.999:99.9999:99.99999,io_uring,1,1,,Yes,Yes,Yes,randrw,70,4,32,8k,Yes,30,600,,,terse;json+,,,,,
qd_thread_matrix_8k.fio,qd64_thread4_rw_8k,,1:5:10:20:30:50:60:70:75:80:85:90:95:99:99.9:99.99:99.999:99.9999:99.99999,io_uring,1,1,,Yes,Yes,Yes,randrw,70,4,64,8k,Yes,30,600,,,terse;json+,,,,,
qd_thread_matrix_8k.fio,qd128_thread4_rw_8k,,1:5:10:20:30:50:60:70:75:80:85:90:95:99:99.9:99.99:99.999:99.9999:99.99999,io_uring,1,1,,Yes,Yes,Yes,randrw,70,4,128,8k,Yes,30,600,,,terse;json+,,,,,
qd_thread_matrix_8k.fio,qd256_thread4_rw_8k,,1:5:10:20:30:50:60:70:75:80:85:90:95:99:99.9:99.99:99.999:99.9999:99.99999,io_uring,1,1,,Yes,Yes,Yes,randrw,70,4,256,8k,Yes,30,600,,,terse;json+,,,,,
qd_thread_matrix_8k.fio,qd1_thread8_rw_8k,,1:5:10:20:30:50:60:70:75:80:85:90:95:99:99.9:99.99:99.999:99.9999:99.99999,io_uring,1,1,,Yes,Yes,Yes,randrw,70,8,1,8k,Yes,30,600,,,terse;json+,,,,,
qd_thread_matrix_8k.fio,qd8_thread8_rw_8k,,1:5:10:20:30:50:60:70:75:80:85:90:95:99:99.9:99.99:99.999:99.9999:99.99999,io_uring,1,1,,Yes,Yes,Yes,randrw,70,8,8,8k,Yes,30,600,,,terse;json+,,,,,
qd_thread_matrix_8k.fio,qd16_thread8_rw_8k,,1:5:10:20:30:50:60:70:75:80:85:90:95:99:99.9:99.99:99.999:99.9999:99.99999,io_uring,1,1,,Yes,Yes,Yes,randrw,70,8,16,8k,Yes,30,600,,,terse;json+,,,,,
qd_thread_matrix_8k.fio,qd32_thread8_rw_8k,,1:5:10:20:30:50:60:70:75:80:85:90:95:99:99.9:99.99:99.999:99.9999:99.99999,io_uring,1,1,,Yes,Yes,Yes,randrw,70,8,32,8k,Yes,300,3600,,,terse;json+,,1000,,qd32_thread8_rw_8k_iops,
qd_thread_matrix_8k.fio,qd64_thread8_rw_8k,,1:5:10:20:30:50:60:70:75:80:85:90:95:99:99.9:99.99:99.999:99.9999:99.99999,io_uring,1,1,,Yes,Yes,Yes,randrw,70,8,64,8k,Yes,30,600,,,terse;json+,,,,,
qd_thread_matrix_8k.fio,qd128_thread8_rw_8k,,1:5:10:20:30:50:60:70:75:80:85:90:95:99:99.9:99.99:99.999:99.9999:99.99999,io_uring,1,1,,Yes,Yes,Yes,randrw,70,8,128,8k,Yes,30,600,,,terse;json+,,,,,
qd_thread_matrix_8k.fio,qd256_thread8_rw_8k,,1:5:10:20:30:50:60:70:75:80:85:90:95:99:99.9:99.99:99.999:99.9999:99.99999,io_uring,1,1,,Yes,Yes,Yes,randrw,70,8,256,8k,Yes,30,600,,,terse;json+,,,,,
qd_thread_matrix_8k.fio,qd1_thread1_r_8k,,1:5:10:20:30:50:60:70:75:80:85:90:95:99:99.9:99.99:99.999:99.9999:99.99999,io_uring,1,1,,Yes,Yes,Yes,randread,,1,1,8k,Yes,300,3600,,,terse;json+,,1000,,qd1_thread1_r_8k_iops,
qd_thread_matrix_8k.fio,qd8_thread1_r_8k,,1:5:10:20:30:50:60:70:75:80:85:90:95:99:99.9:99.99:99.999:99.9999:99.99999,io_uring,1,1,,Yes,Yes,Yes,randread,,1,8,8k,Yes,30,600,,,terse;json+,,,,,
qd_thread_matrix_8k.fio,qd16_thread1_r_8k,,1:5:10:20:30:50:60:70:75:80:85:90:95:99:99.9:99.99:99.999:99.9999:99.99999,io_uring,1,1,,Yes,Yes,Yes,randread,,1,16,8k,Yes,30,600,,,terse;json+,,,,,
qd_thread_matrix_8k.fio,qd32_thread1_r_8k,,1:5:10:20:30:50:60:70:75:80:85:90:95:99:99.9:99.99:99.999:99.9999:99.99999,io_uring,1,1,,Yes,Yes,Yes,randread,,1,32,8k,Yes,30,600,,,terse;json+,,,,,
qd_thread_matrix_8k.fio,qd64_thread1_r_8k,,1:5:10:20:30:50:60:70:75:80:85:90:95:99:99.9:99.99:99.999:99.9999:99.99999,io_uring,1,1,,Yes,Yes,Yes,randread,,1,64,8k,Yes,30,600,,,terse;json+,,,,,
qd_thread_matrix_8k.fio,qd128_thread1_r_8k,,1:5:10:20:30:50:60:70:75:80:85:90:95:99:99.9:99.99:99.999:99.9999:99.99999,io_uring,1,1,,Yes,Yes,Yes,randread,,1,128,8k,Yes,30,600,,,terse;json+,,,,,
qd_thread_matrix_8k.fio,qd256_thread1_r_8k,,1:5:10:20:30:50:60:70:75:80:85:90:95:99:99.9:99.99:99.999:99.9999:99.99999,io_uring,1,1,,Yes,Yes,Yes,randread,,1,256,8k,Yes,30,600,,,terse;json+,,,,,
qd_thread_matrix_8k.fio,qd1_thread4_r_8k,,1:5:10:20:30:50:60:70:75:80:85:90:95:99:99.9:99.99:99.999:99.9999:99.99999,io_uring,1,1,,Yes,Yes,Yes,randread,,4,1,8k,Yes,30,600,,,terse;json+,,,,,
qd_thread_matrix_8k.fio,qd8_thread4_r_8k,,1:5:10:20:30:50:60:70:75:80:85:90:95:99:99.9:99.99:99.999:99.9999:99.99999,io_uring,1,1,,Yes,Yes,Yes,randread,,4,8,8k,Yes,30,600,,,terse;json+,,,,,
qd_thread_matrix_8k.fio,qd16_thread4_r_8k,,1:5:10:20:30:50:60:70:75:80:85:90:95:99:99.9:99.99:99.999:99.9999:99.99999,io_uring,1,1,,Yes,Yes,Yes,randread,,4,16,8k,Yes,30,600,,,terse;json+,,,,,
qd_thread_matrix_8k.fio,qd32_thread4_r_8k,,1:5:10:20:30:50:60:70:75:80:85:90:95:99:99.9:99.99:99.999:99.9999:99.99999,io_uring,1,1,,Yes,Yes,Yes,randread,,4,32,8k,Yes,30,600,,,terse;json+,,,,,
qd_thread_matrix_8k.fio,qd64_thread4_r_8k,,1:5:10:20:30:50:60:70:75:80:85:90:95:99:99.9:99.99:99.999:99.9999:99.99999,io_uring,1,1,,Yes,Yes,Yes,randread,,4,64,8k,Yes,30,600,,,terse;json+,,,,,
qd_thread_matrix_8k.fio,qd128_thread4_r_8k,,1:5:10:20:30:50:60:70:75:80:85:90:95:99:99.9:99.99:99.999:99.9999:99.99999,io_uring,1,1,,Yes,Yes,Yes,randread,,4,128,8k,Yes,30,600,,,terse;json+,,,,,
qd_thread_matrix_8k.fio,qd256_thread4_r_8k,,1:5:10:20:30:50:60:70:75:80:85:90:95:99:99.9:99.99:99.999:99.9999:99.99999,io_uring,1,1,,Yes,Yes,Yes,randread,,4,256,8k,Yes,30,600,,,terse;json+,,,,,
qd_thread_matrix_8k.fio,qd1_thread8_r_8k,,1:5:10:20:30:50:60:70:75:80:85:90:95:99:99.9:99.99:99.999:99.9999:99.99999,io_uring,1,1,,Yes,Yes,Yes,randread,,8,1,8k,Yes,30,600,,,terse;json+,,,,,
qd_thread_matrix_8k.fio,qd8_thread8_r_8k,,1:5:10:20:30:50:60:70:75:80:85:90:95:99:99.9:99.99:99.999:99.9999:99.99999,io_uring,1,1,,Yes,Yes,Yes,randread,,8,8,8k,Yes,30,600,,,terse;json+,,,,,
qd_thread_matrix_8k.fio,qd16_thread8_r_8k,,1:5:10:20:30:50:60:70:75:80:85:90:95:99:99.9:99.99:99.999:99.9999:99.99999,io_uring,1,1,,Yes,Yes,Yes,randread,,8,16,8k,Yes,30,600,,,terse;json+,,,,,
qd_thread_matrix_8k.fio,qd32_thread8_r_8k,,1:5:10:20:30:50:60:70:75:80:85:90:95:99:99.9:99.99:99.999:99.9999:99.99999,io_uring,1,1,,Yes,Yes,Yes,randread,,8,32,8k,Yes,300,3600,,,terse;json+,,1000,,qd32_thread8_r_8k_iops,
qd_thread_matrix_8k.fio,qd64_thread8_r_8k,,1:5:10:20:30:50:60:70:75:80:85:90:95:99:99.9:99.99:99.999:99.9999:99.99999,io_uring,1,1,,Yes,Yes,Yes,randread,,8,64,8k,Yes,30,600,,,terse;json+,,,,,
qd_thread_matrix_8k.fio,qd128_thread8_r_8k,,1:5:10:20:30:50:60:70:75:80:85:90:95:99:99.9:99.99:99.999:99.9999:99.99999,io_uring,1,1,,Yes,Yes,Yes,randread,,8,128,8k,Yes,30,600,,,terse;json+,,,,,
qd_thread_matrix_8k.fio,qd256_thread8_r_8k,,1:5:10:20:30:50:60:70:75:80:85:90:95:99:99.9:99.99:99.999:99.9999:99.99999,io_uring,1,1,,Yes,Yes,Yes,randread,,8,256,8k,Yes,30,600,,,terse;json+,,,,,
ran_precon_16k.fio,ran_precon_16k,Yes,1:5:10:20:30:50:60:70:75:80:85:90:95:99:99.9:99.99:99.999:99.9999:99.99999,io_uring,1,1,,Yes,,,randwrite,,8,32,16k,Yes,,28800,,,,,,,,
qd_thread_matrix_16k.fio,qd1_thread1_w_16k,,1:5:10:20:30:50:60:70:75:80:85:90:95:99:99.9:99.99:99.999:99.9999:99.99999,io_uring,1,1,,Yes,Yes,Yes,randwrite,,1,1,16k,Yes,300,3600,,,terse;json+,,1000,,qd1_thread1_w_iops,
qd_thread_matrix_16k.fio,qd8_thread1_w_16k,,1:5:10:20:30:50:60:70:75:80:85:90:95:99:99.9:99.99:99.999:99.9999:99.99999,io_uring,1,1,,Yes,Yes,Yes,randwrite,,1,8,16k,Yes,30,600,,,terse;json+,,,,,
qd_thread_matrix_16k.fio,qd16_thread1_w_16k,,1:5:10:20:30:50:60:70:75:80:85:90:95:99:99.9:99.99:99.999:99.9999:99.99999,io_uring,1,1,,Yes,Yes,Yes,randwrite,,1,16,16k,Yes,30,600,,,terse;json+,,,,,
qd_thread_matrix_16k.fio,qd32_thread1_w_16k,,1:5:10:20:30:50:60:70:75:80:85:90:95:99:99.9:99.99:99.999:99.9999:99.99999,io_uring,1,1,,Yes,Yes,Yes,randwrite,,1,32,16k,Yes,30,600,,,terse;json+,,,,,
qd_thread_matrix_16k.fio,qd64_thread1_w_16k,,1:5:10:20:30:50:60:70:75:80:85:90:95:99:99.9:99.99:99.999:99.9999:99.99999,io_uring,1,1,,Yes,Yes,Yes,randwrite,,1,64,16k,Yes,30,600,,,terse;json+,,,,,
qd_thread_matrix_16k.fio,qd128_thread1_w_16k,,1:5:10:20:30:50:60:70:75:80:85:90:95:99:99.9:99.99:99.999:99.9999:99.99999,io_uring,1,1,,Yes,Yes,Yes,randwrite,,1,128,16k,Yes,30,600,,,terse;json+,,,,,
qd_thread_matrix_16k.fio,qd256_thread1_w_16k,,1:5:10:20:30:50:60:70:75:80:85:90:95:99:99.9:99.99:99.999:99.9999:99.99999,io_uring,1,1,,Yes,Yes,Yes,randwrite,,1,256,16k,Yes,30,600,,,terse;json+,,,,,
qd_thread_matrix_16k.fio,qd1_thread4_w_16k,,1:5:10:20:30:50:60:70:75:80:85:90:95:99:99.9:99.99:99.999:99.9999:99.99999,io_uring,1,1,,Yes,Yes,Yes,randwrite,,4,1,16k,Yes,30,600,,,terse;json+,,,,,
qd_thread_matrix_16k.fio,qd8_thread4_w_16k,,1:5:10:20:30:50:60:70:75:80:85:90:95:99:99.9:99.99:99.999:99.9999:99.99999,io_uring,1,1,,Yes,Yes,Yes,randwrite,,4,8,16k,Yes,30,600,,,terse;json+,,,,,
qd_thread_matrix_16k.fio,qd16_thread4_w_16k,,1:5:10:20:30:50:60:70:75:80:85:90:95:99:99.9:99.99:99.999:99.9999:99.99999,io_uring,1,1,,Yes,Yes,Yes,randwrite,,4,16,16k,Yes,30,600,,,terse;json+,,,,,
qd_thread_matrix_16k.fio,qd32_thread4_w_16k,,1:5:10:20:30:50:60:70:75:80:85:90:95:99:99.9:99.99:99.999:99.9999:99.99999,io_uring,1,1,,Yes,Yes,Yes,randwrite,,4,32,16k,Yes,30,600,,,terse;json+,,,,,
qd_thread_matrix_16k.fio,qd64_thread4_w_16k,,1:5:10:20:30:50:60:70:75:80:85:90:95:99:99.9:99.99:99.999:99.9999:99.99999,io_uring,1,1,,Yes,Yes,Yes,randwrite,,4,64,16k,Yes,30,600,,,terse;json+,,,,,
qd_thread_matrix_16k.fio,qd128_thread4_w_16k,,1:5:10:20:30:50:60:70:75:80:85:90:95:99:99.9:99.99:99.999:99.9999:99.99999,io_uring,1,1,,Yes,Yes,Yes,randwrite,,4,128,16k,Yes,30,600,,,terse;json+,,,,,
qd_thread_matrix_16k.fio,qd256_thread4_w_16k,,1:5:10:20:30:50:60:70:75:80:85:90:95:99:99.9:99.99:99.999:99.9999:99.99999,io_uring,1,1,,Yes,Yes,Yes,randwrite,,4,256,16k,Yes,30,600,,,terse;json+,,,,,
qd_thread_matrix_16k.fio,qd1_thread8_w_16k,,1:5:10:20:30:50:60:70:75:80:85:90:95:99:99.9:99.99:99.999:99.9999:99.99999,io_uring,1,1,,Yes,Yes,Yes,randwrite,,8,1,16k,Yes,30,600,,,terse;json+,,,,,
qd_thread_matrix_16k.fio,qd8_thread8_w_16k,,1:5:10:20:30:50:60:70:75:80:85:90:95:99:99.9:99.99:99.999:99.9999:99.99999,io_uring,1,1,,Yes,Yes,Yes,randwrite,,8,8,16k,Yes,30,600,,,terse;json+,,,,,
qd_thread_matrix_16k.fio,qd16_thread8_w_16k,,1:5:10:20:30:50:60:70:75:80:85:90:95:99:99.9:99.99:99.999:99.9999:99.99999,io_uring,1,1,,Yes,Yes,Yes,randwrite,,8,16,16k,Yes,30,600,,,terse;json+,,,,,
qd_thread_matrix_16k.fio,qd32_thread8_w_16k,,1:5:10:20:30:50:60:70:75:80:85:90:95:99:99.9:99.99:99.999:99.9999:99.99999,io_uring,1,1,,Yes,Yes,Yes,randwrite,,8,32,16k,Yes,300,3600,,,terse;json+,,1000,,qd32_thread8_w_16k_iops,
qd_thread_matrix_16k.fio,qd64_thread8_w_16k,,1:5:10:20:30:50:60:70:75:80:85:90:95:99:99.9:99.99:99.999:99.9999:99.99999,io_uring,1,1,,Yes,Yes,Yes,randwrite,,8,64,16k,Yes,30,600,,,terse;json+,,,,,
qd_thread_matrix_16k.fio,qd128_thread8_w_16k,,1:5:10:20:30:50:60:70:75:80:85:90:95:99:99.9:99.99:99.999:99.9999:99.99999,io_uring,1,1,,Yes,Yes,Yes,randwrite,,8,128,16k,Yes,30,600,,,terse;json+,,,,,
qd_thread_matrix_16k.fio,qd256_thread8_w_16k,,1:5:10:20:30:50:60:70:75:80:85:90:95:99:99.9:99.99:99.999:99.9999:99.99999,io_uring,1,1,,Yes,Yes,Yes,randwrite,,8,256,16k,Yes,30,600,,,terse;json+,,,,,
qd_thread_matrix_16k.fio,qd1_thread1_rw_16k,,1:5:10:20:30:50:60:70:75:80:85:90:95:99:99.9:99.99:99.999:99.9999:99.99999,io_uring,1,1,,Yes,Yes,Yes,randrw,70,1,1,16k,Yes,30,600,,,terse;json+,,,,,
qd_thread_matrix_16k.fio,qd8_thread1_rw_16k,,1:5:10:20:30:50:60:70:75:80:85:90:95:99:99.9:99.99:99.999:99.9999:99.99999,io_uring,1,1,,Yes,Yes,Yes,randrw,70,1,8,16k,Yes,30,600,,,terse;json+,,,,,
qd_thread_matrix_16k.fio,qd16_thread1_rw_16k,,1:5:10:20:30:50:60:70:75:80:85:90:95:99:99.9:99.99:99.999:99.9999:99.99999,io_uring,1,1,,Yes,Yes,Yes,randrw,70,1,16,16k,Yes,30,600,,,terse;json+,,,,,
qd_thread_matrix_16k.fio,qd32_thread1_rw_16k,,1:5:10:20:30:50:60:70:75:80:85:90:95:99:99.9:99.99:99.999:99.9999:99.99999,io_uring,1,1,,Yes,Yes,Yes,randrw,70,1,32,16k,Yes,30,600,,,terse;json+,,,,,
qd_thread_matrix_16k.fio,qd64_thread1_rw_16k,,1:5:10:20:30:50:60:70:75:80:85:90:95:99:99.9:99.99:99.999:99.9999:99.99999,io_uring,1,1,,Yes,Yes,Yes,randrw,70,1,64,16k,Yes,30,600,,,terse;json+,,,,,
qd_thread_matrix_16k.fio,qd128_thread1_rw_16k,,1:5:10:20:30:50:60:70:75:80:85:90:95:99:99.9:99.99:99.999:99.9999:99.99999,io_uring,1,1,,Yes,Yes,Yes,randrw,70,1,128,16k,Yes,30,600,,,terse;json+,,,,,
qd_thread_matrix_16k.fio,qd256_thread1_rw_16k,,1:5:10:20:30:50:60:70:75:80:85:90:95:99:99.9:99.99:99.999:99.9999:99.99999,io_uring,1,1,,Yes,Yes,Yes,randrw,70,1,256,16k,Yes,30,600,,,terse;json+,,,,,
qd_thread_matrix_16k.fio,qd1_thread4_rw_16k,,1:5:10:20:30:50:60:70:75:80:85:90:95:99:99.9:99.99:99.999:99.9999:99.99999,io_uring,1,1,,Yes,Yes,Yes,randrw,70,4,1,16k,Yes,30,600,,,terse;json+,,,,,
qd_thread_matrix_16k.fio,qd8_thread4_rw_16k,,1:5:10:20:30:50:60:70:75:80:85:90:95:99:99.9:99.99:99.999:99.9999:99.99999,io_uring,1,1,,Yes,Yes,Yes,randrw,70,4,8,16k,Yes,30,600,,,terse;json+,,,,,
qd_thread_matrix_16k.fio,qd16_thread4_rw_16k,,1:5:10:20:30:50:60:70:75:80:85:90:95:99:99.9:99.99:99.999:99.9999:99.99999,io_uring,1,1,,Yes,Yes,Yes,randrw,70,4,16,16k,Yes,30,600,,,terse;json+,,,,,
qd_thread_matrix_16k.fio,qd32_thread4_rw_16k,,1:5:10:20:30:50:60:70:75:80:85:90:95:99:99.9:99.99:99.999:99.9999:99.99999,io_uring,1,1,,Yes,Yes,Yes,randrw,70,4,32,16k,Yes,30,600,,,terse;json+,,,,,
qd_thread_matrix_16k.fio,qd64_thread4_rw_16k,,1:5:10:20:30:50:60:70:75:80:85:90:95:99:99.9:99.99:99.999:99.9999:99.99999,io_uring,1,1,,Yes,Yes,Yes,randrw,70,4,64,16k,Yes,30,600,,,terse;json+,,,,,
qd_thread_matrix_16k.fio,qd128_thread4_rw_16k,,1:5:10:20:30:50:60:70:75:80:85:90:95:99:99.9:99.99:99.999:99.9999:99.99999,io_uring,1,1,,Yes,Yes,Yes,randrw,70,4,128,16k,Yes,30,600,,,terse;json+,,,,,
qd_thread_matrix_16k.fio,qd256_thread4_rw_16k,,1:5:10:20:30:50:60:70:75:80:85:90:95:99:99.9:99.99:99.999:99.9999:99.99999,io_uring,1,1,,Yes,Yes,Yes,randrw,70,4,256,16k,Yes,30,600,,,terse;json+,,,,,
qd_thread_matrix_16k.fio,qd1_thread8_rw_16k,,1:5:10:20:30:50:60:70:75:80:85:90:95:99:99.9:99.99:99.999:99.9999:99.99999,io_uring,1,1,,Yes,Yes,Yes,randrw,70,8,1,16k,Yes,30,600,,,terse;json+,,,,,
qd_thread_matrix_16k.fio,qd8_thread8_rw_16k,,1:5:10:20:30:50:60:70:75:80:85:90:95:99:99.9:99.99:99.999:99.9999:99.99999,io_uring,1,1,,Yes,Yes,Yes,randrw,70,8,8,16k,Yes,30,600,,,terse;json+,,,,,
qd_thread_matrix_16k.fio,qd16_thread8_rw_16k,,1:5:10:20:30:50:60:70:75:80:85:90:95:99:99.9:99.99:99.999:99.9999:99.99999,io_uring,1,1,,Yes,Yes,Yes,randrw,70,8,16,16k,Yes,30,600,,,terse;json+,,,,,
qd_thread_matrix_16k.fio,qd32_thread8_rw_16k,,1:5:10:20:30:50:60:70:75:80:85:90:95:99:99.9:99.99:99.999:99.9999:99.99999,io_uring,1,1,,Yes,Yes,Yes,randrw,70,8,32,16k,Yes,300,3600,,,terse;json+,,1000,,qd32_thread8_rw_16k_iops,
qd_thread_matrix_16k.fio,qd64_thread8_rw_16k,,1:5:10:20:30:50:60:70:75:80:85:90:95:99:99.9:99.99:99.999:99.9999:99.99999,io_uring,1,1,,Yes,Yes,Yes,randrw,70,8,64,16k,Yes,30,600,,,terse;json+,,,,,
qd_thread_matrix_16k.fio,qd128_thread8_rw_16k,,1:5:10:20:30:50:60:70:75:80:85:90:95:99:99.9:99.99:99.999:99.9999:99.99999,io_uring,1,1,,Yes,Yes,Yes,randrw,70,8,128,16k,Yes,30,600,,,terse;json+,,,,,
qd_thread_matrix_16k.fio,qd256_thread8_rw_16k,,1:5:10:20:30:50:60:70:75:80:85:90:95:99:99.9:99.99:99.999:99.9999:99.99999,io_uring,1,1,,Yes,Yes,Yes,randrw,70,8,256,16k,Yes,30,600,,,terse;json+,,,,,
qd_thread_matrix_16k.fio,qd1_thread1_r_16k,,1:5:10:20:30:50:60:70:75:80:85:90:95:99:99.9:99.99:99.999:99.9999:99.99999,io_uring,1,1,,Yes,Yes,Yes,randread,,1,1,16k,Yes,300,3600,,,terse;json+,,1000,,qd1_thread1_r_16k_iops,
qd_thread_matrix_16k.fio,qd8_thread1_r_16k,,1:5:10:20:30:50:60:70:75:80:85:90:95:99:99.9:99.99:99.999:99.9999:99.99999,io_uring,1,1,,Yes,Yes,Yes,randread,,1,8,16k,Yes,30,600,,,terse;json+,,,,,
qd_thread_matrix_16k.fio,qd16_thread1_r_16k,,1:5:10:20:30:50:60:70:75:80:85:90:95:99:99.9:99.99:99.999:99.9999:99.99999,io_uring,1,1,,Yes,Yes,Yes,randread,,1,16,16k,Yes,30,600,,,terse;json+,,,,,
qd_thread_matrix_16k.fio,qd32_thread1_r_16k,,1:5:10:20:30:50:60:70:75:80:85:90:95:99:99.9:99.99:99.999:99.9999:99.99999,io_uring,1,1,,Yes,Yes,Yes,randread,,1,32,16k,Yes,30,600,,,terse;json+,,,,,
qd_thread_matrix_16k.fio,qd64_thread1_r_16k,,1:5:10:20:30:50:60:70:75:80:85:90:95:99:99.9:99.99:99.999:99.9999:99.99999,io_uring,1,1,,Yes,Yes,Yes,randread,,1,64,16k,Yes,30,600,,,terse;json+,,,,,
qd_thread_matrix_16k.fio,qd128_thread1_r_16k,,1:5:10:20:30:50:60:70:75:80:85:90:95:99:99.9:99.99:99.999:99.9999:99.99999,io_uring,1,1,,Yes,Yes,Yes,randread,,1,128,16k,Yes,30,600,,,terse;json+,,,,,
qd_thread_matrix_16k.fio,qd256_thread1_r_16k,,1:5:10:20:30:50:60:70:75:80:85:90:95:99:99.9:99.99:99.999:99.9999:99.99999,io_uring,1,1,,Yes,Yes,Yes,randread,,1,256,16k,Yes,30,600,,,terse;json+,,,,,
qd_thread_matrix_16k.fio,qd1_thread4_r_16k,,1:5:10:20:30:50:60:70:75:80:85:90:95:99:99.9:99.99:99.999:99.9999:99.99999,io_uring,1,1,,Yes,Yes,Yes,randread,,4,1,16k,Yes,30,600,,,terse;json+,,,,,
qd_thread_matrix_16k.fio,qd8_thread4_r_16k,,1:5:10:20:30:50:60:70:75:80:85:90:95:99:99.9:99.99:99.999:99.9999:99.99999,io_uring,1,1,,Yes,Yes,Yes,randread,,4,8,16k,Yes,30,600,,,terse;json+,,,,,
qd_thread_matrix_16k.fio,qd16_thread4_r_16k,,1:5:10:20:30:50:60:70:75:80:85:90:95:99:99.9:99.99:99.999:99.9999:99.99999,io_uring,1,1,,Yes,Yes,Yes,randread,,4,16,16k,Yes,30,600,,,terse;json+,,,,,
qd_thread_matrix_16k.fio,qd32_thread4_r_16k,,1:5:10:20:30:50:60:70:75:80:85:90:95:99:99.9:99.99:99.999:99.9999:99.99999,io_uring,1,1,,Yes,Yes,Yes,randread,,4,32,16k,Yes,30,600,,,terse;json+,,,,,
qd_thread_matrix_16k.fio,qd64_thread4_r_16k,,1:5:10:20:30:50:60:70:75:80:85:90:95:99:99.9:99.99:99.999:99.9999:99.99999,io_uring,1,1,,Yes,Yes,Yes,randread,,4,64,16k,Yes,30,600,,,terse;json+,,,,,
qd_thread_matrix_16k.fio,qd128_thread4_r_16k,,1:5:10:20:30:50:60:70:75:80:85:90:95:99:99.9:99.99:99.999:99.9999:99.99999,io_uring,1,1,,Yes,Yes,Yes,randread,,4,128,16k,Yes,30,600,,,terse;json+,,,,,
qd_thread_matrix_16k.fio,qd256_thread4_r_16k,,1:5:10:20:30:50:60:70:75:80:85:90:95:99:99.9:99.99:99.999:99.9999:99.99999,io_uring,1,1,,Yes,Yes,Yes,randread,,4,256,16k,Yes,30,600,,,terse;json+,,,,,
qd_thread_matrix_16k.fio,qd1_thread8_r_16k,,1:5:10:20:30:50:60:70:75:80:85:90:95:99:99.9:99.99:99.999:99.9999:99.99999,io_uring,1,1,,Yes,Yes,Yes,randread,,8,1,16k,Yes,30,600,,,terse;json+,,,,,
qd_thread_matrix_16k.fio,qd8_thread8_r_16k,,1:5:10:20:30:50:60:70:75:80:85:90:95:99:99.9:99.99:99.999:99.9999:99.99999,io_uring,1,1,,Yes,Yes,Yes,randread,,8,8,16k,Yes,30,600,,,terse;json+,,,,,
qd_thread_matrix_16k.fio,qd16_thread8_r_16k,,1:5:10:20:30:50:60:70:75:80:85:90:95:99:99.9:99.99:99.999:99.9999:99.99999,io_uring,1,1,,Yes,Yes,Yes,randread,,8,16,16k,Yes,30,600,,,terse;json+,,,,,
qd_thread_matrix_16k.fio,qd32_thread8_r_16k,,1:5:10:20:30:50:60:70:75:80:85:90:95:99:99.9:99.99:99.999:99.9999:99.99999,io_uring,1,1,,Yes,Yes,Yes,randread,,8,32,16k,Yes,300,3600,,,terse;json+,,1000,,qd32_thread8_r_16k_iops,
qd_thread_matrix_16k.fio,qd64_thread8_r_16k,,1:5:10:20:30:50:60:70:75:80:85:90:95:99:99.9:99.99:99.999:99.9999:99.99999,io_uring,1,1,,Yes,Yes,Yes,randread,,8,64,16k,Yes,30,600,,,terse;json+,,,,,
qd_thread_matrix_16k.fio,qd128_thread8_r_16k,,1:5:10:20:30:50:60:70:75:80:85:90:95:99:99.9:99.99:99.999:99.9999:99.99999,io_uring,1,1,,Yes,Yes,Yes,randread,,8,128,16k,Yes,30,600,,,terse;json+,,,,,
qd_thread_matrix_16k.fio,qd256_thread8_r_16k,,1:5:10:20:30:50:60:70:75:80:85:90:95:99:99.9:99.99:99.999:99.9999:99.99999,io_uring,1,1,,Yes,Yes,Yes,randread,,8,256,16k,Yes,30,600,,,terse;json+,,,,,
