file,job,format,percentile_list,ioengine,direct,norandommap,randrepeat,group_reporting, stonewall,new_group, rw, rwmixread, numjobs,iodepth, bs,time_based, ramp_time, runtime,loops,random_percentage,log_avg_msec,log_hist_msec,write_iops_log,write_hist_log
seq_precon_j1_q64_128k.fio,seq_precon_j1_q64_128k,Yes,1:5:10:20:30:50:60:70:75:80:85:90:95:99:99.9:99.99:99.999:99.9999:99.99999,io_uring,1,,,Yes,Yes,Yes,write, ,1,256,128k,,,,2,,1000,60000,,
seq_write_rand_read_rmix_0.fio,seq_write_rand_read_rmix_0,,1:5:10:20:30:50:60:70:75:80:85:90:95:99:99.9:99.99:99.999:99.9999:99.99999,io_uring,1,1,,Yes,Yes,Yes,write, ,1,256,128k,Yes,30,1800,,,1000,60000,,
seq_write_rand_read_rmix_10.fio,seq_write_rand_read_rmix_10,,1:5:10:20:30:50:60:70:75:80:85:90:95:99:99.9:99.99:99.999:99.9999:99.99999,io_uring,1,1,,Yes,Yes,Yes,randrw,10,1,256,4k;128k,Yes,30,1800,,100;0,1000,60000,,
seq_write_rand_read_rmix_20.fio,seq_write_rand_read_rmix_20,,1:5:10:20:30:50:60:70:75:80:85:90:95:99:99.9:99.99:99.999:99.9999:99.99999,io_uring,1,1,,Yes,Yes,Yes,randrw,20,1,256,4k;128k,Yes,30,1800,,100;0,1000,60000,,
seq_write_rand_read_rmix_30.fio,seq_write_rand_read_rmix_30,,1:5:10:20:30:50:60:70:75:80:85:90:95:99:99.9:99.99:99.999:99.9999:99.99999,io_uring,1,1,,Yes,Yes,Yes,randrw,30,1,256,4k;128k,Yes,30,1800,,100;0,1000,60000,,
seq_write_rand_read_rmix_40.fio,seq_write_rand_read_rmix_40,,1:5:10:20:30:50:60:70:75:80:85:90:95:99:99.9:99.99:99.999:99.9999:99.99999,io_uring,1,1,,Yes,Yes,Yes,randrw,40,1,256,4k;128k,Yes,30,1800,,100;0,1000,60000,,
seq_write_rand_read_rmix_50.fio,seq_write_rand_read_rmix_50,,1:5:10:20:30:50:60:70:75:80:85:90:95:99:99.9:99.99:99.999:99.9999:99.99999,io_uring,1,1,,Yes,Yes,Yes,randrw,50,1,256,4k;128k,Yes,30,1800,,100;0,1000,60000,,
seq_write_rand_read_rmix_60.fio,seq_write_rand_read_rmix_60,,1:5:10:20:30:50:60:70:75:80:85:90:95:99:99.9:99.99:99.999:99.9999:99.99999,io_uring,1,1,,Yes,Yes,Yes,randrw,60,1,256,4k;128k,Yes,30,1800,,100;0,1000,60000,,
seq_write_rand_read_rmix_70.fio,seq_write_rand_read_rmix_70,,1:5:10:20:30:50:60:70:75:80:85:90:95:99:99.9:99.99:99.999:99.9999:99.99999,io_uring,1,1,,Yes,Yes,Yes,randrw,70,1,256,4k;128k,Yes,30,1800,,100;0,1000,60000,,
seq_write_rand_read_rmix_80.fio,seq_write_rand_read_rmix_80,,1:5:10:20:30:50:60:70:75:80:85:90:95:99:99.9:99.99:99.999:99.9999:99.99999,io_uring,1,1,,Yes,Yes,Yes,randrw,80,1,256,4k;128k,Yes,30,1800,,100;0,1000,60000,,
seq_write_rand_read_rmix_90.fio,seq_write_rand_read_rmix_90,,1:5:10:20:30:50:60:70:75:80:85:90:95:99:99.9:99.99:99.999:99.9999:99.99999,io_uring,1,1,,Yes,Yes,Yes,randrw,90,1,256,4k;128k,Yes,30,1800,,100;0,1000,60000,,
seq_write_rand_read_rmix_100.fio,seq_write_rand_read_rmix_100,,1:5:10:20:30:50:60:70:75:80:85:90:95:99:99.9:99.99:99.999:99.9999:99.99999,io_uring,1,1,,Yes,Yes,Yes,randread,,1,256,4k,Yes,30,1800,,,1000,60000,,
